PRAGMA foreign_keys=OFF;
BEGIN TRANSACTION;
CREATE TABLE IF NOT EXISTS "django_migrations" ("id" integer NOT NULL PRIMARY KEY AUTOINCREMENT, "app" varchar(255) NOT NULL, "name" varchar(255) NOT NULL, "applied" datetime NOT NULL);
INSERT INTO django_migrations VALUES(1,'contenttypes','0001_initial','2025-04-03 05:52:23.415893');
INSERT INTO django_migrations VALUES(2,'auth','0001_initial','2025-04-03 05:52:23.424571');
INSERT INTO django_migrations VALUES(3,'admin','0001_initial','2025-04-03 05:52:23.429250');
INSERT INTO django_migrations VALUES(4,'admin','0002_logentry_remove_auto_add','2025-04-03 05:52:23.434474');
INSERT INTO django_migrations VALUES(5,'admin','0003_logentry_add_action_flag_choices','2025-04-03 05:52:23.437928');
INSERT INTO django_migrations VALUES(6,'contenttypes','0002_remove_content_type_name','2025-04-03 05:52:23.449725');
INSERT INTO django_migrations VALUES(7,'auth','0002_alter_permission_name_max_length','2025-04-03 05:52:23.455727');
INSERT INTO django_migrations VALUES(8,'auth','0003_alter_user_email_max_length','2025-04-03 05:52:23.460400');
INSERT INTO django_migrations VALUES(9,'auth','0004_alter_user_username_opts','2025-04-03 05:52:23.464453');
INSERT INTO django_migrations VALUES(10,'auth','0005_alter_user_last_login_null','2025-04-03 05:52:23.469248');
INSERT INTO django_migrations VALUES(11,'auth','0006_require_contenttypes_0002','2025-04-03 05:52:23.469860');
INSERT INTO django_migrations VALUES(12,'auth','0007_alter_validators_add_error_messages','2025-04-03 05:52:23.473231');
INSERT INTO django_migrations VALUES(13,'auth','0008_alter_user_username_max_length','2025-04-03 05:52:23.478150');
INSERT INTO django_migrations VALUES(14,'auth','0009_alter_user_last_name_max_length','2025-04-03 05:52:23.482710');
INSERT INTO django_migrations VALUES(15,'auth','0010_alter_group_name_max_length','2025-04-03 05:52:23.487380');
INSERT INTO django_migrations VALUES(16,'auth','0011_update_proxy_permissions','2025-04-03 05:52:23.494996');
INSERT INTO django_migrations VALUES(17,'auth','0012_alter_user_first_name_max_length','2025-04-03 05:52:23.499798');
INSERT INTO django_migrations VALUES(18,'sessions','0001_initial','2025-04-03 05:52:23.501965');
INSERT INTO django_migrations VALUES(19,'testpas','0001_initial','2025-04-03 05:54:40.177946');
INSERT INTO django_migrations VALUES(20,'django_celery_beat','0001_initial','2025-04-14 14:44:18.398665');
INSERT INTO django_migrations VALUES(21,'django_celery_beat','0002_auto_20161118_0346','2025-04-14 14:44:18.404757');
INSERT INTO django_migrations VALUES(22,'django_celery_beat','0003_auto_20161209_0049','2025-04-14 14:44:18.409112');
INSERT INTO django_migrations VALUES(23,'django_celery_beat','0004_auto_20170221_0000','2025-04-14 14:44:18.411422');
INSERT INTO django_migrations VALUES(24,'django_celery_beat','0005_add_solarschedule_events_choices','2025-04-14 14:44:18.413946');
INSERT INTO django_migrations VALUES(25,'django_celery_beat','0006_auto_20180322_0932','2025-04-14 14:44:18.444864');
INSERT INTO django_migrations VALUES(26,'django_celery_beat','0007_auto_20180521_0826','2025-04-14 14:44:18.463081');
INSERT INTO django_migrations VALUES(27,'django_celery_beat','0008_auto_20180914_1922','2025-04-14 14:44:18.491784');
INSERT INTO django_migrations VALUES(28,'django_celery_beat','0006_auto_20180210_1226','2025-04-14 14:44:18.509050');
INSERT INTO django_migrations VALUES(29,'django_celery_beat','0006_periodictask_priority','2025-04-14 14:44:18.516701');
INSERT INTO django_migrations VALUES(30,'django_celery_beat','0009_periodictask_headers','2025-04-14 14:44:18.526198');
INSERT INTO django_migrations VALUES(31,'django_celery_beat','0010_auto_20190429_0326','2025-04-14 14:44:18.685969');
INSERT INTO django_migrations VALUES(32,'django_celery_beat','0011_auto_20190508_0153','2025-04-14 14:44:18.695579');
INSERT INTO django_migrations VALUES(33,'django_celery_beat','0012_periodictask_expire_seconds','2025-04-14 14:44:18.703276');
INSERT INTO django_migrations VALUES(34,'django_celery_beat','0013_auto_20200609_0727','2025-04-14 14:44:18.714113');
INSERT INTO django_migrations VALUES(35,'django_celery_beat','0014_remove_clockedschedule_enabled','2025-04-14 14:44:18.717710');
INSERT INTO django_migrations VALUES(36,'django_celery_beat','0015_edit_solarschedule_events_choices','2025-04-14 14:44:18.720018');
INSERT INTO django_migrations VALUES(37,'django_celery_beat','0016_alter_crontabschedule_timezone','2025-04-14 14:44:18.730534');
INSERT INTO django_migrations VALUES(38,'django_celery_beat','0017_alter_crontabschedule_month_of_year','2025-04-14 14:44:18.738279');
INSERT INTO django_migrations VALUES(39,'django_celery_beat','0018_improve_crontab_helptext','2025-04-14 14:44:18.744356');
INSERT INTO django_migrations VALUES(40,'django_celery_beat','0019_alter_periodictasks_options','2025-04-14 14:44:18.745929');
INSERT INTO django_migrations VALUES(41,'testpas','0002_participant_age','2025-04-14 15:03:15.962693');
INSERT INTO django_migrations VALUES(42,'testpas','0003_customuser_surveyprogress','2025-05-24 03:55:38.233865');
CREATE TABLE IF NOT EXISTS "auth_group_permissions" ("id" integer NOT NULL PRIMARY KEY AUTOINCREMENT, "group_id" integer NOT NULL REFERENCES "auth_group" ("id") DEFERRABLE INITIALLY DEFERRED, "permission_id" integer NOT NULL REFERENCES "auth_permission" ("id") DEFERRABLE INITIALLY DEFERRED);
CREATE TABLE IF NOT EXISTS "auth_user_groups" ("id" integer NOT NULL PRIMARY KEY AUTOINCREMENT, "user_id" integer NOT NULL REFERENCES "auth_user" ("id") DEFERRABLE INITIALLY DEFERRED, "group_id" integer NOT NULL REFERENCES "auth_group" ("id") DEFERRABLE INITIALLY DEFERRED);
CREATE TABLE IF NOT EXISTS "auth_user_user_permissions" ("id" integer NOT NULL PRIMARY KEY AUTOINCREMENT, "user_id" integer NOT NULL REFERENCES "auth_user" ("id") DEFERRABLE INITIALLY DEFERRED, "permission_id" integer NOT NULL REFERENCES "auth_permission" ("id") DEFERRABLE INITIALLY DEFERRED);
CREATE TABLE IF NOT EXISTS "django_admin_log" ("id" integer NOT NULL PRIMARY KEY AUTOINCREMENT, "object_id" text NULL, "object_repr" varchar(200) NOT NULL, "action_flag" smallint unsigned NOT NULL CHECK ("action_flag" >= 0), "change_message" text NOT NULL, "content_type_id" integer NULL REFERENCES "django_content_type" ("id") DEFERRABLE INITIALLY DEFERRED, "user_id" integer NOT NULL REFERENCES "auth_user" ("id") DEFERRABLE INITIALLY DEFERRED, "action_time" datetime NOT NULL);
CREATE TABLE IF NOT EXISTS "django_content_type" ("id" integer NOT NULL PRIMARY KEY AUTOINCREMENT, "app_label" varchar(100) NOT NULL, "model" varchar(100) NOT NULL);
INSERT INTO django_content_type VALUES(1,'admin','logentry');
INSERT INTO django_content_type VALUES(2,'auth','permission');
INSERT INTO django_content_type VALUES(3,'auth','group');
INSERT INTO django_content_type VALUES(4,'auth','user');
INSERT INTO django_content_type VALUES(5,'contenttypes','contenttype');
INSERT INTO django_content_type VALUES(6,'sessions','session');
INSERT INTO django_content_type VALUES(7,'testpas','survey');
INSERT INTO django_content_type VALUES(8,'testpas','question');
INSERT INTO django_content_type VALUES(9,'testpas','response');
INSERT INTO django_content_type VALUES(10,'testpas','usersurveyprogress');
INSERT INTO django_content_type VALUES(11,'testpas','participant');
INSERT INTO django_content_type VALUES(12,'testpas','participantentry');
INSERT INTO django_content_type VALUES(13,'testpas','emailcontent');
INSERT INTO django_content_type VALUES(14,'testpas','messagecontent');
INSERT INTO django_content_type VALUES(15,'testpas','emailtemplate');
INSERT INTO django_content_type VALUES(16,'testpas','challenge');
INSERT INTO django_content_type VALUES(17,'testpas','token');
INSERT INTO django_content_type VALUES(18,'django_celery_beat','crontabschedule');
INSERT INTO django_content_type VALUES(19,'django_celery_beat','intervalschedule');
INSERT INTO django_content_type VALUES(20,'django_celery_beat','periodictask');
INSERT INTO django_content_type VALUES(21,'django_celery_beat','periodictasks');
INSERT INTO django_content_type VALUES(22,'django_celery_beat','solarschedule');
INSERT INTO django_content_type VALUES(23,'django_celery_beat','clockedschedule');
INSERT INTO django_content_type VALUES(24,'testpas','customuser');
INSERT INTO django_content_type VALUES(25,'testpas','surveyprogress');
CREATE TABLE IF NOT EXISTS "auth_permission" ("id" integer NOT NULL PRIMARY KEY AUTOINCREMENT, "content_type_id" integer NOT NULL REFERENCES "django_content_type" ("id") DEFERRABLE INITIALLY DEFERRED, "codename" varchar(100) NOT NULL, "name" varchar(255) NOT NULL);
INSERT INTO auth_permission VALUES(1,1,'add_logentry','Can add log entry');
INSERT INTO auth_permission VALUES(2,1,'change_logentry','Can change log entry');
INSERT INTO auth_permission VALUES(3,1,'delete_logentry','Can delete log entry');
INSERT INTO auth_permission VALUES(4,1,'view_logentry','Can view log entry');
INSERT INTO auth_permission VALUES(5,2,'add_permission','Can add permission');
INSERT INTO auth_permission VALUES(6,2,'change_permission','Can change permission');
INSERT INTO auth_permission VALUES(7,2,'delete_permission','Can delete permission');
INSERT INTO auth_permission VALUES(8,2,'view_permission','Can view permission');
INSERT INTO auth_permission VALUES(9,3,'add_group','Can add group');
INSERT INTO auth_permission VALUES(10,3,'change_group','Can change group');
INSERT INTO auth_permission VALUES(11,3,'delete_group','Can delete group');
INSERT INTO auth_permission VALUES(12,3,'view_group','Can view group');
INSERT INTO auth_permission VALUES(13,4,'add_user','Can add user');
INSERT INTO auth_permission VALUES(14,4,'change_user','Can change user');
INSERT INTO auth_permission VALUES(15,4,'delete_user','Can delete user');
INSERT INTO auth_permission VALUES(16,4,'view_user','Can view user');
INSERT INTO auth_permission VALUES(17,5,'add_contenttype','Can add content type');
INSERT INTO auth_permission VALUES(18,5,'change_contenttype','Can change content type');
INSERT INTO auth_permission VALUES(19,5,'delete_contenttype','Can delete content type');
INSERT INTO auth_permission VALUES(20,5,'view_contenttype','Can view content type');
INSERT INTO auth_permission VALUES(21,6,'add_session','Can add session');
INSERT INTO auth_permission VALUES(22,6,'change_session','Can change session');
INSERT INTO auth_permission VALUES(23,6,'delete_session','Can delete session');
INSERT INTO auth_permission VALUES(24,6,'view_session','Can view session');
INSERT INTO auth_permission VALUES(25,7,'add_survey','Can add survey');
INSERT INTO auth_permission VALUES(26,7,'change_survey','Can change survey');
INSERT INTO auth_permission VALUES(27,7,'delete_survey','Can delete survey');
INSERT INTO auth_permission VALUES(28,7,'view_survey','Can view survey');
INSERT INTO auth_permission VALUES(29,8,'add_question','Can add question');
INSERT INTO auth_permission VALUES(30,8,'change_question','Can change question');
INSERT INTO auth_permission VALUES(31,8,'delete_question','Can delete question');
INSERT INTO auth_permission VALUES(32,8,'view_question','Can view question');
INSERT INTO auth_permission VALUES(33,9,'add_response','Can add response');
INSERT INTO auth_permission VALUES(34,9,'change_response','Can change response');
INSERT INTO auth_permission VALUES(35,9,'delete_response','Can delete response');
INSERT INTO auth_permission VALUES(36,9,'view_response','Can view response');
INSERT INTO auth_permission VALUES(37,10,'add_usersurveyprogress','Can add user survey progress');
INSERT INTO auth_permission VALUES(38,10,'change_usersurveyprogress','Can change user survey progress');
INSERT INTO auth_permission VALUES(39,10,'delete_usersurveyprogress','Can delete user survey progress');
INSERT INTO auth_permission VALUES(40,10,'view_usersurveyprogress','Can view user survey progress');
INSERT INTO auth_permission VALUES(41,11,'add_participant','Can add participant');
INSERT INTO auth_permission VALUES(42,11,'change_participant','Can change participant');
INSERT INTO auth_permission VALUES(43,11,'delete_participant','Can delete participant');
INSERT INTO auth_permission VALUES(44,11,'view_participant','Can view participant');
INSERT INTO auth_permission VALUES(45,12,'add_participantentry','Can add participant entry');
INSERT INTO auth_permission VALUES(46,12,'change_participantentry','Can change participant entry');
INSERT INTO auth_permission VALUES(47,12,'delete_participantentry','Can delete participant entry');
INSERT INTO auth_permission VALUES(48,12,'view_participantentry','Can view participant entry');
INSERT INTO auth_permission VALUES(49,13,'add_emailcontent','Can add email content');
INSERT INTO auth_permission VALUES(50,13,'change_emailcontent','Can change email content');
INSERT INTO auth_permission VALUES(51,13,'delete_emailcontent','Can delete email content');
INSERT INTO auth_permission VALUES(52,13,'view_emailcontent','Can view email content');
INSERT INTO auth_permission VALUES(53,14,'add_messagecontent','Can add message content');
INSERT INTO auth_permission VALUES(54,14,'change_messagecontent','Can change message content');
INSERT INTO auth_permission VALUES(55,14,'delete_messagecontent','Can delete message content');
INSERT INTO auth_permission VALUES(56,14,'view_messagecontent','Can view message content');
INSERT INTO auth_permission VALUES(57,15,'add_emailtemplate','Can add email template');
INSERT INTO auth_permission VALUES(58,15,'change_emailtemplate','Can change email template');
INSERT INTO auth_permission VALUES(59,15,'delete_emailtemplate','Can delete email template');
INSERT INTO auth_permission VALUES(60,15,'view_emailtemplate','Can view email template');
INSERT INTO auth_permission VALUES(61,16,'add_challenge','Can add challenge');
INSERT INTO auth_permission VALUES(62,16,'change_challenge','Can change challenge');
INSERT INTO auth_permission VALUES(63,16,'delete_challenge','Can delete challenge');
INSERT INTO auth_permission VALUES(64,16,'view_challenge','Can view challenge');
INSERT INTO auth_permission VALUES(65,17,'add_token','Can add token');
INSERT INTO auth_permission VALUES(66,17,'change_token','Can change token');
INSERT INTO auth_permission VALUES(67,17,'delete_token','Can delete token');
INSERT INTO auth_permission VALUES(68,17,'view_token','Can view token');
INSERT INTO auth_permission VALUES(69,18,'add_crontabschedule','Can add crontab');
INSERT INTO auth_permission VALUES(70,18,'change_crontabschedule','Can change crontab');
INSERT INTO auth_permission VALUES(71,18,'delete_crontabschedule','Can delete crontab');
INSERT INTO auth_permission VALUES(72,18,'view_crontabschedule','Can view crontab');
INSERT INTO auth_permission VALUES(73,19,'add_intervalschedule','Can add interval');
INSERT INTO auth_permission VALUES(74,19,'change_intervalschedule','Can change interval');
INSERT INTO auth_permission VALUES(75,19,'delete_intervalschedule','Can delete interval');
INSERT INTO auth_permission VALUES(76,19,'view_intervalschedule','Can view interval');
INSERT INTO auth_permission VALUES(77,20,'add_periodictask','Can add periodic task');
INSERT INTO auth_permission VALUES(78,20,'change_periodictask','Can change periodic task');
INSERT INTO auth_permission VALUES(79,20,'delete_periodictask','Can delete periodic task');
INSERT INTO auth_permission VALUES(80,20,'view_periodictask','Can view periodic task');
INSERT INTO auth_permission VALUES(81,21,'add_periodictasks','Can add periodic task track');
INSERT INTO auth_permission VALUES(82,21,'change_periodictasks','Can change periodic task track');
INSERT INTO auth_permission VALUES(83,21,'delete_periodictasks','Can delete periodic task track');
INSERT INTO auth_permission VALUES(84,21,'view_periodictasks','Can view periodic task track');
INSERT INTO auth_permission VALUES(85,22,'add_solarschedule','Can add solar event');
INSERT INTO auth_permission VALUES(86,22,'change_solarschedule','Can change solar event');
INSERT INTO auth_permission VALUES(87,22,'delete_solarschedule','Can delete solar event');
INSERT INTO auth_permission VALUES(88,22,'view_solarschedule','Can view solar event');
INSERT INTO auth_permission VALUES(89,23,'add_clockedschedule','Can add clocked');
INSERT INTO auth_permission VALUES(90,23,'change_clockedschedule','Can change clocked');
INSERT INTO auth_permission VALUES(91,23,'delete_clockedschedule','Can delete clocked');
INSERT INTO auth_permission VALUES(92,23,'view_clockedschedule','Can view clocked');
INSERT INTO auth_permission VALUES(93,24,'add_customuser','Can add user');
INSERT INTO auth_permission VALUES(94,24,'change_customuser','Can change user');
INSERT INTO auth_permission VALUES(95,24,'delete_customuser','Can delete user');
INSERT INTO auth_permission VALUES(96,24,'view_customuser','Can view user');
INSERT INTO auth_permission VALUES(97,25,'add_surveyprogress','Can add survey progress');
INSERT INTO auth_permission VALUES(98,25,'change_surveyprogress','Can change survey progress');
INSERT INTO auth_permission VALUES(99,25,'delete_surveyprogress','Can delete survey progress');
INSERT INTO auth_permission VALUES(100,25,'view_surveyprogress','Can view survey progress');
CREATE TABLE IF NOT EXISTS "auth_group" ("id" integer NOT NULL PRIMARY KEY AUTOINCREMENT, "name" varchar(150) NOT NULL UNIQUE);
CREATE TABLE IF NOT EXISTS "auth_user" ("id" integer NOT NULL PRIMARY KEY AUTOINCREMENT, "password" varchar(128) NOT NULL, "last_login" datetime NULL, "is_superuser" bool NOT NULL, "username" varchar(150) NOT NULL UNIQUE, "last_name" varchar(150) NOT NULL, "email" varchar(254) NOT NULL, "is_staff" bool NOT NULL, "is_active" bool NOT NULL, "date_joined" datetime NOT NULL, "first_name" varchar(150) NOT NULL);
INSERT INTO auth_user VALUES(1,'pbkdf2_sha256$600000$ToBudBOGzcyUrusp75gaMw$S1apI5cdv3uifKGY9mofZgphec6T1syYmTNoiT4k3RY=',NULL,0,'sonvu1','','vuleson59@gmail.com',0,1,'2025-04-03 05:53:41.095107','');
INSERT INTO auth_user VALUES(2,'pbkdf2_sha256$870000$cfIwKyRab0TyM07nFZTDGl$GFD/4j3Iu4yKngHos7QJlwMil0h0r2SLVrOMq2wn7yU=','2025-05-26 02:14:23.612641',1,'sonvu01','','vuleson59@gmail.com',1,1,'2025-04-03 05:55:51.223629','');
INSERT INTO auth_user VALUES(5,'pbkdf2_sha256$600000$3Sw9Rc5QwPNUYvhWGHdB3I$9KS4I+lX9AVKlhY3BLKa8r2bxVQWGvIiY5nmXmu7hDo=',NULL,0,'testuser_sonvu','','vuleson59@gmail.com',0,1,'2025-04-03 16:51:13.006590','');
INSERT INTO auth_user VALUES(11,'pbkdf2_sha256$600000$2z6eya1LcCW8MbdWFIXG40$OPnk+q7pTpI6WPs8mqeSRCL9wh93UiBedPB/GSwTI/Q=',NULL,0,'testuser_sonvu1','','vuleson59@gmail.com',0,1,'2025-04-03 17:52:23.957246','');
INSERT INTO auth_user VALUES(12,'pbkdf2_sha256$870000$SUgRz8nb51O5fC70IKIVrz$5TgKgrhsmLunDTpVCqLf+Mn/XSuahKwhbT0+VMhM2Xk=','2025-04-14 14:48:34.950776',0,'lee1','','vuleson59@gmail.com',0,1,'2025-04-14 14:47:58.314455','');
INSERT INTO auth_user VALUES(13,'pbkdf2_sha256$870000$NdRz2hq4iB7YTJDAYtWEio$P6/m31ahIouAc7V+dL0CNCWFpcqDtaUYM8l3OnJcpQU=','2025-04-14 15:13:02.764635',0,'lee02','','vuleson59@gmail.com',0,1,'2025-04-14 15:12:54.496064','');
INSERT INTO auth_user VALUES(14,'pbkdf2_sha256$870000$TGAHi88pX6i5qnPa0AI1Yq$utbHCFphbFKCVD4svjfcesmr7o0YFH8OHsPLzL9EH1s=','2025-04-14 15:24:48.336721',0,'lee03','','vuleson59@gmail.com',0,1,'2025-04-14 15:21:27.426783','');
INSERT INTO auth_user VALUES(15,'pbkdf2_sha256$870000$XUCV01E5LBEoy0YRI2pCKc$rKOKjGC/FuL0Z2+TLedS8YBByLzEhdZY5qYO1/XF4aI=','2025-04-14 15:37:58.596376',0,'lee04','','vuleson59@gmail.com',0,1,'2025-04-14 15:36:54.998653','');
INSERT INTO auth_user VALUES(16,'pbkdf2_sha256$870000$B7e7jRosvyvqOgc9gcgOXU$jo4azOl+vYXoDjEF0kpkCP8kidde1aqFWZL8tmydzfQ=','2025-04-14 17:19:02.684939',0,'lee05','','vuleson59@gmail.com',0,1,'2025-04-14 17:18:55.542979','');
INSERT INTO auth_user VALUES(17,'pbkdf2_sha256$870000$3zW7PCEhTvvUMeZMkLW0IH$rxVCXBaKdUCIThBs2AnBi9OBYPAoritbVvtOMTrLvuY=','2025-04-14 17:22:09.210798',0,'lee06','','vuleson59@gmail.com',0,1,'2025-04-14 17:22:02.748821','');
INSERT INTO auth_user VALUES(18,'pbkdf2_sha256$870000$ymhqOPmo2w7YZ2Axh3zCrf$BIksn6TB/OyLTQu9/avE4JcHlpc/i0kkmUC3Uew+W9Y=','2025-04-14 18:35:36.933367',0,'lee07celery','','vuleson59@gmail.com',0,1,'2025-04-14 18:35:17.704534','');
INSERT INTO auth_user VALUES(19,'pbkdf2_sha256$870000$1uQWWLyrVBsAFT9qdz18On$tjLWoDbUziLxDRq9HyGhbiigQAvJtiMFDCJ4fm2MXoI=','2025-04-14 18:51:21.936593',0,'lee08celery','','vuleson59@gmail.com',0,1,'2025-04-14 18:51:09.093083','');
INSERT INTO auth_user VALUES(20,'pbkdf2_sha256$870000$jw6E1u6yQWdy7o0RadGVNL$DvH1T0wOKlfFtoClcQ0N61LC4q829SpbYusKhvrmYtc=','2025-04-14 19:01:58.931555',0,'lee09celery','','vuleson59@gmail.com',0,1,'2025-04-14 19:01:51.613599','');
INSERT INTO auth_user VALUES(21,'pbkdf2_sha256$870000$gwEsX2wsUR0L7ksY4INDEf$1VcAHM3IsetIvujF7oh2iNEQ7TUxbOQCBH7tbIa4paY=','2025-04-14 19:07:24.014131',0,'lee10celery','','vuleson59@gmail.com',0,1,'2025-04-14 19:07:15.673689','');
INSERT INTO auth_user VALUES(22,'pbkdf2_sha256$870000$YxiocqtkO5bfNpet2aPb7C$tTMT4LqCN8hXHin4BnjjvOxmekSIVvf0Emo7ffpatuI=','2025-04-14 19:14:24.989186',0,'lee11celery','','vuleson59@gmail.com',0,1,'2025-04-14 19:14:17.642794','');
INSERT INTO auth_user VALUES(23,'pbkdf2_sha256$870000$W26YmbHGJoczsUFaiauhZZ$RN7iwpS0XaDWAoIl6mNNfIU7IN6tCIDsMF3f8bqU5V0=','2025-05-26 02:13:58.821122',0,'lee12celery','','vuleson59@gmail.com',0,1,'2025-04-14 19:18:17.726064','');
INSERT INTO auth_user VALUES(24,'pbkdf2_sha256$870000$RSow3TaCr4LFKEhVwc7ReG$DQEO2jr8gtGEgxPK7mayylKhPMyki6b6L1TdWSOPOPg=','2025-04-14 19:20:08.506421',0,'lee13celery','','vuleson59@gmail.com',0,1,'2025-04-14 19:20:02.857036','');
INSERT INTO auth_user VALUES(25,'pbkdf2_sha256$870000$svX7RhjnlHWRjHbYdpocPp$djzo6yY05+Ie31xBEjUrWj0yqpJok9kfgJGNav1MPhk=','2025-04-14 19:22:41.648845',0,'lee14celery','','vuleson59@gmail.com',0,1,'2025-04-14 19:22:21.588082','');
INSERT INTO auth_user VALUES(26,'pbkdf2_sha256$870000$qec9lZP6SRWlfCMxgXQL89$xU/q0bzAZ6T3D6FbvWeE9qRXIh4hUzyT7beKkpMSV3E=','2025-04-14 19:47:46.681013',0,'lee15celery','','vuleson59@gmail.com',0,1,'2025-04-14 19:47:40.753159','');
INSERT INTO auth_user VALUES(27,'pbkdf2_sha256$870000$R4rj2zw0p1mOBQcnUBmj19$sGVcBu704Jx38ljFHS66AHUvXNw40zwXjA1e4ySbxwQ=','2025-04-14 20:16:41.536790',0,'lee16celery','','vuleson59@gmail.com',0,1,'2025-04-14 20:16:36.065105','');
INSERT INTO auth_user VALUES(28,'pbkdf2_sha256$870000$L1iTqBH41bBtYP7E8H6ZTL$n9nfRny7cK4+KF06WePYVkhnyezi3GSSn/5WYpjtx+0=','2025-04-14 20:45:41.586026',0,'lee17celery','','vuleson59@gmail.com',0,1,'2025-04-14 20:45:31.678539','');
INSERT INTO auth_user VALUES(29,'pbkdf2_sha256$870000$KWAAWYSX3xftqJJLMb7go5$aNvqzqoAQEt6kYQHg+4o74ZI6cyr2BoL9nqKN1CQFEk=','2025-04-14 21:06:23.773226',0,'lee18celery','','vuleson59@gmail.com',0,1,'2025-04-14 21:06:14.304750','');
INSERT INTO auth_user VALUES(30,'pbkdf2_sha256$870000$1Tm3zfmnnVErOc8W5ji8kd$/8TtA2jbTJkM6/uaoHVVApUZuDOVoc9KZ9TUxG/JNyw=','2025-04-29 18:55:41.174339',0,'holden1','','vuleson59@gmail.com',0,1,'2025-04-29 18:55:20.213146','');
CREATE TABLE IF NOT EXISTS "django_session" ("session_key" varchar(40) NOT NULL PRIMARY KEY, "session_data" text NOT NULL, "expire_date" datetime NOT NULL);
INSERT INTO django_session VALUES('cmjj282cdqvgdrc34qrpqt3xj0mr3fof','.eJxVjMsOwiAQRf-FtSEwHaC4dO83kBkeUjU0Ke3K-O_apAvd3nPOfYlA21rD1vMSpiTOAsTpd2OKj9x2kO7UbrOMc1uXieWuyIN2eZ1Tfl4O9--gUq_fekjawFhsRkZkozS7mIob0HqvGG00lpzzAOAyRu9Ak1VawYiaSrFKvD_C0Daw:1u0DYg:DwWh7xT8FB7Du9xR5CCeRzkrj_sozVFgodsU1m78TxI','2025-04-04 05:56:10.141357');
INSERT INTO django_session VALUES('llxue6pizzlcvovnxu06gp4vqzgaak80','.eJxVjMsOwiAQRf-FtSEwHaC4dO83kBkeUjU0Ke3K-O_apAvd3nPOfYlA21rD1vMSpiTOAsTpd2OKj9x2kO7UbrOMc1uXieWuyIN2eZ1Tfl4O9--gUq_fekjawFhsRkZkozS7mIob0HqvGG00lpzzAOAyRu9Ak1VawYiaSrFKvD_C0Daw:1u2aS0:kQxKk0PztM9dGlkqSUYwfMoGT_MEt6SGf5a8r2WTHNA','2025-04-10 18:47:04.114628');
INSERT INTO django_session VALUES('fc44m0cn5fheahyv9fnqoangdui0j5v0','.eJxVjMsOwiAQRf-FtSEwHaC4dO83kBkeUjU0Ke3K-O_apAvd3nPOfYlA21rD1vMSpiTOAsTpd2OKj9x2kO7UbrOMc1uXieWuyIN2eZ1Tfl4O9--gUq_fekjawFhsRkZkozS7mIob0HqvGG00lpzzAOAyRu9Ak1VawYiaSrFKvD_C0Daw:1u3jKC:g8aglRAzRQ9600EL0nWv7b7jIc0e4gYLoQfXM1DD-9k','2025-04-13 22:27:44.456402');
INSERT INTO django_session VALUES('5c8q9s4m34j4afkzhrjsduy48elwcbzg','.eJxVjLEOwjAMRP8lM4rctKEOIzvfUNmJTQsokZp2Qvw7rdQBlhvuvbu3GWhdxmGtMg9TMhfjgjn9lkzxKXkn6UH5XmwseZkntrtiD1rtrSR5XQ_372CkOm5r1L6X2DbqAUhRlNvQgAZuKTA43BIxAULwZ43gXedYWdAnbih2vfl8AReyOHE:1u4R0Z:3Eqc-jrclXNQMQenZqPpDpcWeBQ6t_weZyh1fuNoUOM','2025-04-15 21:06:23.784220');
INSERT INTO django_session VALUES('3knntgorrhwewnzgihnme55gzlidpid8','.eJxVjL0OwyAQg9-FuUJA-Akdu-cZ0HFHStoKpJBMVd-9RMrQerM_228WYN9y2Ftaw0LsytTALr9hBHymchB6QLlXjrVs6xL5UeEnbXyqlF63s_t3kKHlvpYerfFx1FZ4K0CSx8GoqLobHQ7aeEcOgCTMqssbcjolMtaRoFkg-3wB3lM3gQ:1u81zG:SzCMZ_QBox9lcT3ztbK7NcQZdEPm-4u9wPP9oAJrNGk','2025-04-25 19:11:54.264949');
INSERT INTO django_session VALUES('8ijvk3cdjc282mclpm5k31wtmrgaxyjp','.eJxVjEEOwiAQRe_C2hAYWgou3XsGMgODVA0kpV0Z765NutDtf-_9lwi4rSVsnZcwJ3EWRonT70gYH1x3ku5Yb03GVtdlJrkr8qBdXlvi5-Vw_w4K9vKt2TtMRGhBAXkesosmW5UjWANTdlpxskYDeOvJ5QENaU9mwnG0FInF-wMYBThl:1u9q7J:gqsFKRgZM83msKpKJZ7jZk9uzFj5gnyg2HeJ4cxsdWo','2025-04-30 18:55:41.227748');
INSERT INTO django_session VALUES('ebckakovmkgmnjuhat4cfhx9jftttwfi','.eJxVjL0OwyAQg9-FuUJA-Akdu-cZ0HFHStoKpJBMVd-9RMrQerM_228WYN9y2Ftaw0LsytTALr9hBHymchB6QLlXjrVs6xL5UeEnbXyqlF63s_t3kKHlvpYerfFx1FZ4K0CSx8GoqLobHQ7aeEcOgCTMqssbcjolMtaRoFkg-3wB3lM3gQ:1uAWf6:-DkT40eOMwYP1WIlwKXPvODJ87K_xrwjWk_2p7rFTNs','2025-05-02 16:21:24.897535');
INSERT INTO django_session VALUES('cy2h6jwlp92ymeah0i5gbotaxms4arni','.eJxVjL0OwyAQg9-FuUJA-Akdu-cZ0HFHStoKpJBMVd-9RMrQerM_228WYN9y2Ftaw0LsytTALr9hBHymchB6QLlXjrVs6xL5UeEnbXyqlF63s_t3kKHlvpYerfFx1FZ4K0CSx8GoqLobHQ7aeEcOgCTMqssbcjolMtaRoFkg-3wB3lM3gQ:1uAxPm:6mD6h48Ek28E_66Iyos85QadPVEFZYcYztMs8FL19Dk','2025-05-03 20:55:22.245027');
INSERT INTO django_session VALUES('gnrgr7kb45i5fqv574ihbpwcvekkd92h','.eJxVjL0OwyAQg9-FuUJA-Akdu-cZ0HFHStoKpJBMVd-9RMrQerM_228WYN9y2Ftaw0LsytTALr9hBHymchB6QLlXjrVs6xL5UeEnbXyqlF63s_t3kKHlvpYerfFx1FZ4K0CSx8GoqLobHQ7aeEcOgCTMqssbcjolMtaRoFkg-3wB3lM3gQ:1uFINe:beu-wix5GtzJk2CAAUT5FLuFjOUdgeArJMpu8sZ-jLY','2025-05-15 20:07:06.895552');
INSERT INTO django_session VALUES('sen8attcdc3b5lh7dm2mprzbainzgn70','.eJxVjL0OwyAQg9-FuUJA-Akdu-cZ0HFHStoKpJBMVd-9RMrQerM_228WYN9y2Ftaw0LsytTALr9hBHymchB6QLlXjrVs6xL5UeEnbXyqlF63s_t3kKHlvpYerfFx1FZ4K0CSx8GoqLobHQ7aeEcOgCTMqssbcjolMtaRoFkg-3wB3lM3gQ:1uIfzV:HBn4w5FNpRUbZwwmfU1nEJf-3H71Dc1kjGDyqVsxtX8','2025-05-25 03:56:09.341306');
CREATE TABLE IF NOT EXISTS "testpas_emailcontent" ("id" integer NOT NULL PRIMARY KEY AUTOINCREMENT, "subject" varchar(255) NOT NULL, "body" text NOT NULL);
CREATE TABLE IF NOT EXISTS "testpas_emailtemplate" ("id" integer NOT NULL PRIMARY KEY AUTOINCREMENT, "name" varchar(100) NOT NULL UNIQUE, "subject" varchar(255) NOT NULL, "body" text NOT NULL);
INSERT INTO testpas_emailtemplate VALUES(1,'wave1_code_entry','Physical Activity Monitoring Tomorrow (Wave 1)',replace('Hi {username},\n\nYou have successfully entered the access code for physical activity monitoring. Thank you!\n\nPlease start wearing the monitor tomorrow ({start_date}) for seven consecutive days until {end_date}.\n\nBest,\nPAS 2.0 Team','\n',char(10)));
INSERT INTO testpas_emailtemplate VALUES(2,'wave1_survey_return','Survey by Today & Return Monitor (Wave 1)',replace('Dear {participant_id},\n\nPlease complete a short survey and return the monitor by today.\n\nBest,\nPAS 2.0 Team','\n',char(10)));
INSERT INTO testpas_emailtemplate VALUES(3,'wave1_missing_code','Missing Code Entry (Wave 1)',replace('Hi {username},\n\nWe noticed you haven''t entered your Wave 1 code. Please do so by today if you haven''t.\n\nBest,\nPAS 2.0 Team','\n',char(10)));
INSERT INTO testpas_emailtemplate VALUES(4,'intervention_access_later','Intervention Access Later',replace('Dear {participant_id},\n\nYou have been assigned to Group 0. You will receive intervention access later.\n{login_link}\n\nBest,\nPAS 2.0 Team','\n',char(10)));
INSERT INTO testpas_emailtemplate VALUES(5,'intervention_access_immediate','Intervention Access Immediately',replace('Dear {participant_id},\n\nYou have been assigned to Group 1. You now have immediate access to the intervention.\n{login_link}\n\nBest,\nPAS 2.0 Team','\n',char(10)));
INSERT INTO testpas_emailtemplate VALUES(6,'wave2_survey_ready','Wave 2 Online Survey Set – Ready',replace('Dear {participant_id},\n\nYour Wave 2 online survey is now available. Please complete it soon.\n\nBest,\nPAS 2.0 Team','\n',char(10)));
INSERT INTO testpas_emailtemplate VALUES(7,'wave2_no_monitoring','No Wave 2 Physical Activity Monitoring',replace('Dear {participant_id},\n\nThere is no physical activity monitoring for Wave 2. Just complete the survey.\n\nBest,\nPAS 2.0 Team','\n',char(10)));
INSERT INTO testpas_emailtemplate VALUES(8,'wave3_survey_ready','Wave 3 Online Survey Set – Ready',replace('Dear {participant_id},\n\nYour Wave 3 online survey is now available. Please complete it soon.\n\nBest,\nPAS 2.0 Team','\n',char(10)));
INSERT INTO testpas_emailtemplate VALUES(9,'wave3_monitoring_ready','Wave 3 Physical Activity Monitoring – Ready',replace('Dear {participant_id},\n\nIt’s time for the final monitoring period. Please wear the device for 7 days.\n\nBest,\nPAS 2.0 Team','\n',char(10)));
INSERT INTO testpas_emailtemplate VALUES(10,'wave3_code_entry','Physical Activity Monitoring Tomorrow (Wave 3)',replace('Dear {participant_id},\n\nStarting tomorrow ({start_date}), please wear the device for 7 days until ({end_date}).\n\nBest,\nPAS 2.0 Team','\n',char(10)));
INSERT INTO testpas_emailtemplate VALUES(11,'study_end','PAS 2.0 Study Concluded',replace('Dear {participant_id},\n\nThank you for participating in the PAS 2.0 study. The study has now concluded.\n\nBest,\nPAS 2.0 Team','\n',char(10)));
INSERT INTO testpas_emailtemplate VALUES(12,'wave3_missing_code','Missing Code Entry (Study End)',replace('Dear {participant_id},\n\nYou missed the Wave 3 code entry. No further action is required.\n{login_link}\n\nBest,\nPAS 2.0 Team','\n',char(10)));
INSERT INTO testpas_emailtemplate VALUES(13,'account_confirmation','Confirm Your PAS 2.0 Account',replace('Dear {participant_id},\n\nPlease confirm your email by clicking the following link:\n{confirmation_link}\n\nThank you,\nPAS 2.0 Team','\n',char(10)));
INSERT INTO testpas_emailtemplate VALUES(14,'wave1_survey_ready','Wave 1 Online Survey Set – Ready',replace('Hi {username},\n\nCongratulations! You are now enrolled as a participant in the study.\n\nYour next task is to complete the Wave 1 Online Survey Set within 10 days. Instructions will follow soon.\n\nBest,\nPAS 2.0 Team','\n',char(10)));
INSERT INTO testpas_emailtemplate VALUES(15,'wave3_survey_monitor_return','Survey by Today & Return Monitor (Study End)',replace('Dear {participant_id},\n\nPlease complete a short survey and return the monitor by today.\n\nBest,\nPAS 2.0 Team','\n',char(10)));
INSERT INTO testpas_emailtemplate VALUES(16,'wave1_monitor_ready','Wave 1 Physical Activity Monitoring – Ready',replace('Dear {participant_id},\n\nIt’s time for the first monitoring period. Please wear the provided device for 7 days.\n\nBest,\nPAS 2.0 Team','\n',char(10)));
CREATE TABLE IF NOT EXISTS "testpas_messagecontent" ("id" integer NOT NULL PRIMARY KEY AUTOINCREMENT, "subject" varchar(255) NOT NULL, "body" text NOT NULL, "sms_body" text NOT NULL);
CREATE TABLE IF NOT EXISTS "testpas_participantentry" ("id" integer NOT NULL PRIMARY KEY AUTOINCREMENT, "participant_id" varchar(100) NOT NULL, "entry_date" datetime NOT NULL, "email" varchar(254) NOT NULL);
CREATE TABLE IF NOT EXISTS "testpas_survey" ("id" integer NOT NULL PRIMARY KEY AUTOINCREMENT, "title" varchar(255) NOT NULL, "description" text NOT NULL, "created_at" datetime NOT NULL);
INSERT INTO testpas_survey VALUES(1,'Eligibility Survey','Test survey','2025-04-03 16:35:24.817685');
INSERT INTO testpas_survey VALUES(2,'Eligibility Survey','Test survey','2025-04-03 16:46:25.716493');
INSERT INTO testpas_survey VALUES(3,'Eligibility Survey','Test survey','2025-04-03 16:51:13.258378');
INSERT INTO testpas_survey VALUES(4,'Eligibility Survey','Test survey','2025-04-03 17:08:39.584852');
INSERT INTO testpas_survey VALUES(5,'Eligibility Survey','Test survey','2025-04-03 17:10:33.690919');
INSERT INTO testpas_survey VALUES(6,'Eligibility Survey','Test survey','2025-04-03 17:16:06.376331');
INSERT INTO testpas_survey VALUES(7,'Eligibility Survey','Test survey','2025-04-03 17:24:03.142383');
INSERT INTO testpas_survey VALUES(8,'Eligibility Survey','Test survey','2025-04-03 17:24:11.367663');
INSERT INTO testpas_survey VALUES(9,'Eligibility Survey','Test survey','2025-04-03 17:52:24.198232');
CREATE TABLE IF NOT EXISTS "testpas_usersurveyprogress" ("id" integer NOT NULL PRIMARY KEY AUTOINCREMENT, "start_time" datetime NOT NULL, "end_time" datetime NULL, "progress" integer NOT NULL, "day_1" date NULL, "survey_completed" bool NOT NULL, "eligible" bool NOT NULL, "eligibility_reason" text NULL, "consent_given" bool NOT NULL, "progress_percentage" integer NULL, "survey_id" bigint NOT NULL REFERENCES "testpas_survey" ("id") DEFERRABLE INITIALLY DEFERRED, "user_id" integer NOT NULL REFERENCES "auth_user" ("id") DEFERRABLE INITIALLY DEFERRED);
INSERT INTO testpas_usersurveyprogress VALUES(3,'2025-04-03 16:51:13.260686',NULL,0,'2025-04-03',0,1,NULL,1,NULL,3,5);
INSERT INTO testpas_usersurveyprogress VALUES(7,'2025-04-03 17:52:24.200348',NULL,0,'2025-04-03',0,1,NULL,1,NULL,9,11);
INSERT INTO testpas_usersurveyprogress VALUES(8,'2025-04-14 14:48:48.658697',NULL,0,'2025-04-14',0,1,NULL,1,NULL,1,12);
INSERT INTO testpas_usersurveyprogress VALUES(9,'2025-04-14 15:38:08.027110',NULL,0,'2025-04-14',0,1,NULL,1,NULL,1,15);
INSERT INTO testpas_usersurveyprogress VALUES(10,'2025-04-14 17:19:12.792111',NULL,0,'2025-04-14',0,1,NULL,1,NULL,1,16);
INSERT INTO testpas_usersurveyprogress VALUES(11,'2025-04-14 17:22:18.164464',NULL,0,'2025-04-14',0,1,NULL,1,NULL,1,17);
INSERT INTO testpas_usersurveyprogress VALUES(12,'2025-04-14 18:35:57.687634',NULL,0,'2025-04-14',0,1,NULL,1,NULL,1,18);
INSERT INTO testpas_usersurveyprogress VALUES(13,'2025-04-14 18:51:36.526004',NULL,0,'2025-04-14',0,1,NULL,1,NULL,1,19);
INSERT INTO testpas_usersurveyprogress VALUES(14,'2025-04-14 19:02:17.803729',NULL,0,NULL,0,1,NULL,0,NULL,1,20);
INSERT INTO testpas_usersurveyprogress VALUES(15,'2025-04-14 19:07:35.664143',NULL,0,'2025-04-14',0,1,NULL,1,NULL,1,21);
INSERT INTO testpas_usersurveyprogress VALUES(16,'2025-04-14 19:14:36.815713',NULL,0,'2025-04-14',0,1,NULL,1,NULL,1,22);
INSERT INTO testpas_usersurveyprogress VALUES(17,'2025-04-14 19:18:41.356519',NULL,0,'2025-04-14',0,1,NULL,1,NULL,1,23);
INSERT INTO testpas_usersurveyprogress VALUES(18,'2025-04-14 19:20:23.018682',NULL,0,'2025-04-14',0,1,NULL,1,NULL,1,24);
INSERT INTO testpas_usersurveyprogress VALUES(19,'2025-04-14 19:22:50.410647',NULL,0,'2025-04-14',0,1,NULL,1,NULL,1,25);
INSERT INTO testpas_usersurveyprogress VALUES(20,'2025-04-14 19:47:59.051050',NULL,0,'2025-04-14',0,1,NULL,1,NULL,1,26);
INSERT INTO testpas_usersurveyprogress VALUES(21,'2025-04-14 20:16:54.613444',NULL,0,'2025-04-14',0,1,NULL,1,NULL,1,27);
INSERT INTO testpas_usersurveyprogress VALUES(22,'2025-04-14 20:46:06.166601',NULL,0,'2025-04-14',0,1,NULL,1,NULL,1,28);
INSERT INTO testpas_usersurveyprogress VALUES(23,'2025-04-14 21:06:35.669841',NULL,0,'2025-04-14',0,1,NULL,1,NULL,1,29);
INSERT INTO testpas_usersurveyprogress VALUES(24,'2025-04-29 18:55:58.789672',NULL,0,'2025-04-29',0,1,NULL,1,NULL,1,30);
CREATE TABLE IF NOT EXISTS "testpas_token" ("id" integer NOT NULL PRIMARY KEY AUTOINCREMENT, "token" varchar(255) NOT NULL UNIQUE, "created_at" datetime NOT NULL, "used" bool NOT NULL, "recipient_id" integer NOT NULL REFERENCES "auth_user" ("id") DEFERRABLE INITIALLY DEFERRED);
INSERT INTO testpas_token VALUES(1,'l1ZbVhVHBcUNkRHi9CC6jsupo','2025-04-03 05:55:51.514827',1,2);
INSERT INTO testpas_token VALUES(2,'Fc0ztMCuiUpMxwAJKeo1WH6zK','2025-04-14 14:47:58.635727',1,12);
INSERT INTO testpas_token VALUES(3,'tNIsBfh110yUBotuzptYt7cxf','2025-04-14 15:12:54.822605',1,13);
INSERT INTO testpas_token VALUES(4,'kGQNIf5Yzz06yS4RLMC9oKFKD','2025-04-14 15:21:27.853622',1,14);
INSERT INTO testpas_token VALUES(5,'nTJu6ANlqyCxKBcMRxTzsCGoz','2025-04-14 15:36:55.358927',1,15);
INSERT INTO testpas_token VALUES(6,'8qtpXwXtAJhDgnoDef7JD9me2','2025-04-14 17:18:55.870004',1,16);
INSERT INTO testpas_token VALUES(7,'lP9Kim7SfFZfPFS5u6Y0DLVJ7','2025-04-14 17:22:03.124418',1,17);
INSERT INTO testpas_token VALUES(8,'wLrm2qChpolQqMkg3s3wisKC2','2025-04-14 18:35:18.050952',1,18);
INSERT INTO testpas_token VALUES(9,'vCjfkkGLA7sQ3flq4CYGUD414','2025-04-14 18:51:09.421190',1,19);
INSERT INTO testpas_token VALUES(10,'yDepXirJwR50iFWUQxbUuxLOv','2025-04-14 19:01:51.921100',1,20);
INSERT INTO testpas_token VALUES(11,'ACGzdzVPP4tf4ptLJ2GnCJgel','2025-04-14 19:07:15.994360',1,21);
INSERT INTO testpas_token VALUES(12,'qwBjJEOMwgbc2ccyeMLe2AqDt','2025-04-14 19:14:18.010128',1,22);
INSERT INTO testpas_token VALUES(13,'bEd5qqhGEIrvTNpYv6XKy9TNM','2025-04-14 19:18:18.036588',1,23);
INSERT INTO testpas_token VALUES(14,'RY3C8uLeelYtHTuZbK4TUA4qy','2025-04-14 19:20:03.215440',1,24);
INSERT INTO testpas_token VALUES(15,'hPWBAMdZLxE6BQIRnv3R4Nt5n','2025-04-14 19:22:21.928631',1,25);
INSERT INTO testpas_token VALUES(16,'FBm2fMHYbMbGMsy0k8RP5muLE','2025-04-14 19:47:41.121179',1,26);
INSERT INTO testpas_token VALUES(17,'yH8kZCoAJafWTspmNRHnomtAG','2025-04-14 20:16:36.383787',1,27);
INSERT INTO testpas_token VALUES(18,'NTxgAy67Iu5DRVDFuZKi4Dns6','2025-04-14 20:45:31.996586',1,28);
INSERT INTO testpas_token VALUES(19,'cS6YRUqBEY1x2QIPk48VoxL4X','2025-04-14 21:06:14.675596',1,29);
INSERT INTO testpas_token VALUES(20,'KNcUnzq3IPg0csWBi9Y9dIoPb','2025-04-29 18:55:20.596831',1,30);
CREATE TABLE IF NOT EXISTS "testpas_response" ("id" integer NOT NULL PRIMARY KEY AUTOINCREMENT, "answer" varchar(255) NOT NULL, "created_at" datetime NOT NULL, "question_id" bigint NOT NULL REFERENCES "testpas_question" ("id") DEFERRABLE INITIALLY DEFERRED, "user_id" integer NOT NULL REFERENCES "auth_user" ("id") DEFERRABLE INITIALLY DEFERRED);
CREATE TABLE IF NOT EXISTS "testpas_question" ("id" integer NOT NULL PRIMARY KEY AUTOINCREMENT, "question_text" varchar(255) NOT NULL, "created_at" datetime NOT NULL, "survey_id" bigint NOT NULL REFERENCES "testpas_survey" ("id") DEFERRABLE INITIALLY DEFERRED);
CREATE TABLE IF NOT EXISTS "testpas_participant" ("id" integer NOT NULL PRIMARY KEY AUTOINCREMENT, "enrollment_date" date NOT NULL, "code_entered" bool NOT NULL, "code_entry_date" date NULL, "email_send_date" date NULL, "email_status" varchar(50) NOT NULL, "phone_number" varchar(15) NULL, "confirmation_token" varchar(255) NOT NULL UNIQUE, "is_confirmed" bool NOT NULL, "token_expiration" datetime NOT NULL, "phase" varchar(100) NULL, "monitoring_start_date" date NULL, "participant_id" varchar(100) NULL UNIQUE, "group" integer NULL, "group_assigned" bool NOT NULL, "intervention_start_date" datetime NULL, "intervention_end_date" datetime NULL, "engagement_tracked" bool NOT NULL, "email" varchar(254) NULL, "wave3_code_entered" bool NOT NULL, "wave3_code_entry_date" date NULL, "user_id" integer NOT NULL REFERENCES "auth_user" ("id") DEFERRABLE INITIALLY DEFERRED, "age" integer NULL);
INSERT INTO testpas_participant VALUES(7,'2025-04-03',1,'2025-04-03','2025-04-03','sent','1234567890','testtoken',0,'2025-04-03 17:52:24.199174',NULL,NULL,'P001',0,1,NULL,NULL,0,'vuleson59@gmail.com',1,'2025-04-03',11,NULL);
INSERT INTO testpas_participant VALUES(8,'2025-04-14',0,NULL,NULL,'pending',NULL,'86e56f0f928b4a49b7f7157e676beb8e',0,'2025-04-14 15:36:15.925322',NULL,NULL,NULL,NULL,0,NULL,NULL,0,NULL,0,NULL,14,NULL);
INSERT INTO testpas_participant VALUES(9,'2025-04-14',0,NULL,NULL,'pending',NULL,'782a297bb7f147bb9f483aeb1d2b78f8',0,'2025-04-14 15:37:01.024048',NULL,NULL,NULL,NULL,0,NULL,NULL,0,NULL,0,NULL,15,NULL);
INSERT INTO testpas_participant VALUES(10,'2025-04-14',0,NULL,NULL,'pending',NULL,'e1e13081-4965-4797-a5cc-fe3a5e0d0b70',0,'2025-04-14 17:19:15.126398',NULL,NULL,'P004',NULL,0,NULL,NULL,0,'vuleson59@gmail.com',0,NULL,16,30);
INSERT INTO testpas_participant VALUES(11,'2025-04-14',0,NULL,'2025-04-14','sent',NULL,'6201d835-c26f-46e5-a117-3a19d64bfb2d',0,'2025-04-14 17:22:20.037632',NULL,NULL,'P005',NULL,0,NULL,NULL,0,'vuleson59@gmail.com',0,NULL,17,30);
INSERT INTO testpas_participant VALUES(12,'2025-04-14',0,NULL,'2025-04-14','sent',NULL,'f908e10b-c756-40fc-91c1-9c54a093b1a3',0,'2025-04-14 18:36:03.107481',NULL,NULL,'P006',NULL,0,NULL,NULL,0,'vuleson59@gmail.com',0,NULL,18,30);
INSERT INTO testpas_participant VALUES(13,'2025-04-14',0,NULL,'2025-04-14','sent',NULL,'6079d44d-0ad2-402e-8b1d-4f844b663d82',0,'2025-04-14 19:07:37.417807',NULL,NULL,'P007',NULL,0,NULL,NULL,1,'vuleson59@gmail.com',0,NULL,21,NULL);
INSERT INTO testpas_participant VALUES(14,'2025-04-14',0,NULL,'2025-04-14','sent',NULL,'d1282b5c-bae2-4eae-8bfd-db6e02ec5330',0,'2025-04-14 19:14:38.466267',NULL,NULL,'P008',NULL,0,NULL,NULL,1,'vuleson59@gmail.com',0,NULL,22,NULL);
INSERT INTO testpas_participant VALUES(15,'2025-04-14',0,NULL,'2025-04-14','sent',NULL,'439bf5a2-79ae-4119-bb6e-00b96e739ab6',1,'2025-04-14 19:18:43.199580',NULL,NULL,'P009',NULL,0,NULL,NULL,1,'vuleson59@gmail.com',0,NULL,23,NULL);
INSERT INTO testpas_participant VALUES(16,'2025-04-14',0,NULL,'2025-04-14','sent',NULL,'f62b595e-0b2e-4ad6-8658-ab660a0ea8ce',0,'2025-04-14 19:20:24.523837',NULL,NULL,'P010',NULL,0,NULL,NULL,1,'vuleson59@gmail.com',0,NULL,24,NULL);
INSERT INTO testpas_participant VALUES(17,'2025-04-14',0,NULL,'2025-04-14','sent',NULL,'c1ed8214-8060-41c3-9784-4def43d50b28',0,'2025-04-14 19:22:53.543036',NULL,NULL,'P011',NULL,0,NULL,NULL,1,'vuleson59@gmail.com',0,NULL,25,NULL);
INSERT INTO testpas_participant VALUES(18,'2025-04-14',0,NULL,'2025-04-14','sent',NULL,'d98cf37e-29dc-4881-b31e-0c6eaf06fdfd',1,'2025-04-14 19:48:01.350644',NULL,NULL,'P012',NULL,0,NULL,NULL,1,'vuleson59@gmail.com',0,NULL,26,NULL);
INSERT INTO testpas_participant VALUES(19,'2025-04-14',0,NULL,'2025-04-14','sent',NULL,'3f6ffda2-32d0-4d99-a903-1c62ff1f7ef1',1,'2025-04-14 20:16:56.588548',NULL,NULL,'P013',NULL,0,NULL,NULL,1,'vuleson59@gmail.com',0,NULL,27,NULL);
INSERT INTO testpas_participant VALUES(21,'2025-04-14',0,NULL,'2025-04-14','sent',NULL,'f1eda306-1b0e-4375-b05c-1158f7396cbd',1,'2025-04-14 21:06:37.260571',NULL,NULL,'P014',NULL,0,NULL,NULL,1,'vuleson59@gmail.com',0,NULL,29,NULL);
INSERT INTO testpas_participant VALUES(22,'2025-04-29',0,NULL,'2025-04-29','sent',NULL,'f175affb-8eca-43d2-ab7a-b759904cf221',1,'2025-04-29 18:56:01.111845',NULL,NULL,'P015',NULL,0,NULL,NULL,1,'vuleson59@gmail.com',0,NULL,30,NULL);
CREATE TABLE IF NOT EXISTS "testpas_challenge" ("id" integer NOT NULL PRIMARY KEY AUTOINCREMENT, "description" text NOT NULL, "code" varchar(255) NULL, "start_time" datetime NOT NULL, "end_time" datetime NOT NULL, "completed" bool NOT NULL, "user_id" integer NOT NULL REFERENCES "auth_user" ("id") DEFERRABLE INITIALLY DEFERRED);
CREATE TABLE IF NOT EXISTS "django_celery_beat_intervalschedule" ("id" integer NOT NULL PRIMARY KEY AUTOINCREMENT, "every" integer NOT NULL, "period" varchar(24) NOT NULL);
CREATE TABLE IF NOT EXISTS "django_celery_beat_periodictasks" ("ident" smallint NOT NULL PRIMARY KEY, "last_update" datetime NOT NULL);
CREATE TABLE IF NOT EXISTS "django_celery_beat_solarschedule" ("id" integer NOT NULL PRIMARY KEY AUTOINCREMENT, "event" varchar(24) NOT NULL, "latitude" decimal NOT NULL, "longitude" decimal NOT NULL);
CREATE TABLE IF NOT EXISTS "django_celery_beat_periodictask" ("id" integer NOT NULL PRIMARY KEY AUTOINCREMENT, "name" varchar(200) NOT NULL UNIQUE, "task" varchar(200) NOT NULL, "args" text NOT NULL, "kwargs" text NOT NULL, "queue" varchar(200) NULL, "exchange" varchar(200) NULL, "routing_key" varchar(200) NULL, "expires" datetime NULL, "enabled" bool NOT NULL, "last_run_at" datetime NULL, "total_run_count" integer unsigned NOT NULL CHECK ("total_run_count" >= 0), "date_changed" datetime NOT NULL, "description" text NOT NULL, "crontab_id" integer NULL REFERENCES "django_celery_beat_crontabschedule" ("id") DEFERRABLE INITIALLY DEFERRED, "interval_id" integer NULL REFERENCES "django_celery_beat_intervalschedule" ("id") DEFERRABLE INITIALLY DEFERRED, "solar_id" integer NULL REFERENCES "django_celery_beat_solarschedule" ("id") DEFERRABLE INITIALLY DEFERRED, "one_off" bool NOT NULL, "start_time" datetime NULL, "priority" integer unsigned NULL CHECK ("priority" >= 0), "headers" text NOT NULL, "clocked_id" integer NULL REFERENCES "django_celery_beat_clockedschedule" ("id") DEFERRABLE INITIALLY DEFERRED, "expire_seconds" integer unsigned NULL CHECK ("expire_seconds" >= 0));
CREATE TABLE IF NOT EXISTS "django_celery_beat_clockedschedule" ("id" integer NOT NULL PRIMARY KEY AUTOINCREMENT, "clocked_time" datetime NOT NULL);
CREATE TABLE IF NOT EXISTS "django_celery_beat_crontabschedule" ("id" integer NOT NULL PRIMARY KEY AUTOINCREMENT, "minute" varchar(240) NOT NULL, "hour" varchar(96) NOT NULL, "day_of_week" varchar(64) NOT NULL, "day_of_month" varchar(124) NOT NULL, "month_of_year" varchar(64) NOT NULL, "timezone" varchar(63) NOT NULL);
CREATE TABLE IF NOT EXISTS "testpas_customuser" ("id" integer NOT NULL PRIMARY KEY AUTOINCREMENT, "password" varchar(128) NOT NULL, "last_login" datetime NULL, "is_superuser" bool NOT NULL, "username" varchar(150) NOT NULL UNIQUE, "first_name" varchar(150) NOT NULL, "last_name" varchar(150) NOT NULL, "email" varchar(254) NOT NULL, "is_staff" bool NOT NULL, "is_active" bool NOT NULL, "date_joined" datetime NOT NULL, "middle_name" varchar(30) NULL, "registration_code" varchar(15) NULL, "consented" bool NULL, "consent_response" text NULL);
CREATE TABLE IF NOT EXISTS "testpas_customuser_groups" ("id" integer NOT NULL PRIMARY KEY AUTOINCREMENT, "customuser_id" bigint NOT NULL REFERENCES "testpas_customuser" ("id") DEFERRABLE INITIALLY DEFERRED, "group_id" integer NOT NULL REFERENCES "auth_group" ("id") DEFERRABLE INITIALLY DEFERRED);
CREATE TABLE IF NOT EXISTS "testpas_customuser_user_permissions" ("id" integer NOT NULL PRIMARY KEY AUTOINCREMENT, "customuser_id" bigint NOT NULL REFERENCES "testpas_customuser" ("id") DEFERRABLE INITIALLY DEFERRED, "permission_id" integer NOT NULL REFERENCES "auth_permission" ("id") DEFERRABLE INITIALLY DEFERRED);
CREATE TABLE IF NOT EXISTS "testpas_surveyprogress" ("id" integer NOT NULL PRIMARY KEY AUTOINCREMENT, "interest_submitted" bool NOT NULL, "interested" bool NULL, "eligibility_submitted" bool NOT NULL, "is_eligible" bool NULL, "consent_submitted" bool NOT NULL, "consented" bool NULL, "user_id" integer NOT NULL REFERENCES "auth_user" ("id") DEFERRABLE INITIALLY DEFERRED);
INSERT INTO sqlite_sequence VALUES('django_migrations',42);
INSERT INTO sqlite_sequence VALUES('django_admin_log',0);
INSERT INTO sqlite_sequence VALUES('django_content_type',25);
INSERT INTO sqlite_sequence VALUES('auth_permission',100);
INSERT INTO sqlite_sequence VALUES('auth_group',0);
INSERT INTO sqlite_sequence VALUES('auth_user',30);
INSERT INTO sqlite_sequence VALUES('testpas_question',0);
INSERT INTO sqlite_sequence VALUES('testpas_token',20);
INSERT INTO sqlite_sequence VALUES('testpas_emailtemplate',16);
INSERT INTO sqlite_sequence VALUES('testpas_survey',9);
INSERT INTO sqlite_sequence VALUES('testpas_participant',22);
INSERT INTO sqlite_sequence VALUES('testpas_usersurveyprogress',24);
INSERT INTO sqlite_sequence VALUES('django_celery_beat_periodictask',0);
INSERT INTO sqlite_sequence VALUES('django_celery_beat_crontabschedule',0);
CREATE UNIQUE INDEX "auth_group_permissions_group_id_permission_id_0cd325b0_uniq" ON "auth_group_permissions" ("group_id", "permission_id");
CREATE INDEX "auth_group_permissions_group_id_b120cbf9" ON "auth_group_permissions" ("group_id");
CREATE INDEX "auth_group_permissions_permission_id_84c5c92e" ON "auth_group_permissions" ("permission_id");
CREATE UNIQUE INDEX "auth_user_groups_user_id_group_id_94350c0c_uniq" ON "auth_user_groups" ("user_id", "group_id");
CREATE INDEX "auth_user_groups_user_id_6a12ed8b" ON "auth_user_groups" ("user_id");
CREATE INDEX "auth_user_groups_group_id_97559544" ON "auth_user_groups" ("group_id");
CREATE UNIQUE INDEX "auth_user_user_permissions_user_id_permission_id_14a6b632_uniq" ON "auth_user_user_permissions" ("user_id", "permission_id");
CREATE INDEX "auth_user_user_permissions_user_id_a95ead1b" ON "auth_user_user_permissions" ("user_id");
CREATE INDEX "auth_user_user_permissions_permission_id_1fbb5f2c" ON "auth_user_user_permissions" ("permission_id");
CREATE INDEX "django_admin_log_content_type_id_c4bce8eb" ON "django_admin_log" ("content_type_id");
CREATE INDEX "django_admin_log_user_id_c564eba6" ON "django_admin_log" ("user_id");
CREATE UNIQUE INDEX "django_content_type_app_label_model_76bd3d3b_uniq" ON "django_content_type" ("app_label", "model");
CREATE UNIQUE INDEX "auth_permission_content_type_id_codename_01ab375a_uniq" ON "auth_permission" ("content_type_id", "codename");
CREATE INDEX "auth_permission_content_type_id_2f476e4b" ON "auth_permission" ("content_type_id");
CREATE INDEX "django_session_expire_date_a5c62663" ON "django_session" ("expire_date");
CREATE INDEX "testpas_usersurveyprogress_survey_id_ac0d98b5" ON "testpas_usersurveyprogress" ("survey_id");
CREATE INDEX "testpas_usersurveyprogress_user_id_c87ba26f" ON "testpas_usersurveyprogress" ("user_id");
CREATE INDEX "testpas_token_recipient_id_d843fb38" ON "testpas_token" ("recipient_id");
CREATE INDEX "testpas_response_question_id_b5b5fa7c" ON "testpas_response" ("question_id");
CREATE INDEX "testpas_response_user_id_24617ddb" ON "testpas_response" ("user_id");
CREATE INDEX "testpas_question_survey_id_e8187a55" ON "testpas_question" ("survey_id");
CREATE INDEX "testpas_participant_user_id_f2db0c64" ON "testpas_participant" ("user_id");
CREATE INDEX "testpas_challenge_user_id_cd9617fa" ON "testpas_challenge" ("user_id");
CREATE UNIQUE INDEX "django_celery_beat_solarschedule_event_latitude_longitude_ba64999a_uniq" ON "django_celery_beat_solarschedule" ("event", "latitude", "longitude");
CREATE INDEX "django_celery_beat_periodictask_crontab_id_d3cba168" ON "django_celery_beat_periodictask" ("crontab_id");
CREATE INDEX "django_celery_beat_periodictask_interval_id_a8ca27da" ON "django_celery_beat_periodictask" ("interval_id");
CREATE INDEX "django_celery_beat_periodictask_solar_id_a87ce72c" ON "django_celery_beat_periodictask" ("solar_id");
CREATE INDEX "django_celery_beat_periodictask_clocked_id_47a69f82" ON "django_celery_beat_periodictask" ("clocked_id");
CREATE UNIQUE INDEX "testpas_customuser_groups_customuser_id_group_id_3929e11c_uniq" ON "testpas_customuser_groups" ("customuser_id", "group_id");
CREATE INDEX "testpas_customuser_groups_customuser_id_37c78f97" ON "testpas_customuser_groups" ("customuser_id");
CREATE INDEX "testpas_customuser_groups_group_id_f0aeb618" ON "testpas_customuser_groups" ("group_id");
CREATE UNIQUE INDEX "testpas_customuser_user_permissions_customuser_id_permission_id_22c41efb_uniq" ON "testpas_customuser_user_permissions" ("customuser_id", "permission_id");
CREATE INDEX "testpas_customuser_user_permissions_customuser_id_8e8a6093" ON "testpas_customuser_user_permissions" ("customuser_id");
CREATE INDEX "testpas_customuser_user_permissions_permission_id_de7e994b" ON "testpas_customuser_user_permissions" ("permission_id");
CREATE INDEX "testpas_surveyprogress_user_id_eda63656" ON "testpas_surveyprogress" ("user_id");
COMMIT;
